Model,MAE (USD),MSE (USD²),RMSE (USD),MAPE (%),R²,sMAPE (%),MASE,DA (%),SA (%),VaR (95%),CVaR (95%)
PA-RNN,528.1,385659.10251897253,624.5977900629903,1.785023265221065,0.9250000000000002,1.8133413600639732,0.7288038761778736,70.3682858674365,68.71707293948471,-3.3144951860050997,-5.78540442790532
SutraNet,553.3310102382824,413001.7293917047,647.0874620238127,1.8756785254932817,0.9172562119701131,1.8903004338721066,0.7669349718390537,67.28967760346251,65.37880862021673,-3.502648727230375,-6.0916871056589175
CrossWaveNet,622.6267288152292,514975.48061760794,720.2152553544712,2.1686202908199133,0.8917318822650881,2.182462479092148,0.8525253515260723,61.500989707557444,58.00357480664856,-4.034388175823879,-7.35747452043078
ESRNN,613.022351053484,499786.62663561624,706.1,2.1112745149341667,0.8953354035693575,2.1430601592693144,0.8319890605792305,62.59186531099559,59.95526018096463,-3.9356539333256686,-6.968338940592572
RWKW-TS,569.3115470208888,429318.0407640864,657.5322223347858,1.9357156762479917,0.9128963726909812,1.9703487752663809,0.7751466111149834,66.42980223867806,64.50942961959905,-3.55989229712463,-6.430528603238882
EMD-BI-LSTM,596.417365379056,475225.9422941655,690.0619594993258,2.0381304019667414,0.9050000000000001,2.077161273053379,0.8108134462463945,63.872558786601076,62.18605853606692,-3.7537332519743853,-6.904087197510862
